[
{
    "fields": {
        "expire_date": "2017-09-27T16:52:28.553Z",
        "session_data": "NGMyZDIzMmQ1MjMzMTFjYjNiM2FkOGRiZGM5YWY0MDM3MTcyODU1OTp7Il9hdXRoX3VzZXJfaGFzaCI6Ijk0NTRjMTExNDVjMzlhNGE2NjdlMzkyYTAxMTUwNGZjMzBkY2IwMjQiLCJfYXV0aF91c2VyX2JhY2tlbmQiOiJhY2NvdW50cy5iYWNrZW5kcy5FbWFpbEF1dGgiLCJfYXV0aF91c2VyX2lkIjoiNiJ9"
    },
    "model": "sessions.session",
    "pk": "7u113kfgj8uppohqmkm9ruvjhhp3ka0c"
},
{
    "fields": {
        "expire_date": "2017-09-14T22:51:45.251Z",
        "session_data": "NTc3MDU0Y2VjOTMzZmUyNGJjOGE4ZmIzN2YzZjljNGI1NmUyOTAyODp7Il9hdXRoX3VzZXJfaGFzaCI6IjA2YjBmMDRkM2FlZmM4ZWZhZWE5MjVmM2YzYTA1YTgzODdkMTY2Y2UiLCJfYXV0aF91c2VyX2JhY2tlbmQiOiJkamFuZ28uY29udHJpYi5hdXRoLmJhY2tlbmRzLk1vZGVsQmFja2VuZCIsIl9hdXRoX3VzZXJfaWQiOiIxIn0="
    },
    "model": "sessions.session",
    "pk": "m4e4xyj56wasbhhkg7o11h2kewoxdmkv"
},
{
    "fields": {
        "domain": "example.com",
        "name": "example.com"
    },
    "model": "sites.site",
    "pk": 2
},
{
    "fields": {
        "created_at": "2017-08-31T14:40:16.511Z",
        "last_name": "personal account",
        "shipping_method": "",
        "query": "transaction_subject=&txn_type=web_accept&payment_date=07%3A40%3A12+Aug+31%2C+2017+PDT&last_name=personal+account&residence_country=US&pending_reason=unilateral&item_name=1-3d520f24-c3be-4b19-b1d8-91cd3d68cec9&payment_gross=5.99&mc_currency=USD&payment_type=instant&protection_eligibility=Ineligible&verify_sign=AhBpGP1a26BqO2bPn7ApItATmBuXAuFtrV-sljmptemu-Y-l..nnXEx7&payer_status=verified&test_ipn=1&payer_email=cormac.liston%40outlook.com&txn_id=263111205V342141H&quantity=1&receiver_email=cormac.liston%40gmail.com&first_name=outlook&payer_id=ALX42AXH6F6XC&item_number=&payment_status=Pending&mc_gross=5.99&custom=&charset=windows-1252&notify_version=3.8&ipn_track_id=a82d6f6ba3ed0",
        "outstanding_balance": null,
        "subscr_id": "",
        "auction_multi_item": null,
        "item_name": "1-3d520f24-c3be-4b19-b1d8-91cd3d68cec9",
        "case_id": "",
        "mp_id": "",
        "address_name": "",
        "transaction_entity": "",
        "from_view": "",
        "auction_closing_date": null,
        "password": "",
        "auction_buyer_id": "",
        "address_country_code": "",
        "address_city": "",
        "address_status": "",
        "auth_exp": "",
        "payer_email": "cormac.liston@outlook.com",
        "mc_gross": "5.99",
        "reattempt": "",
        "reason_code": "",
        "remaining_settle": null,
        "invoice": "",
        "address_state": "",
        "num_cart_items": null,
        "address_country": "",
        "payer_business_name": "",
        "first_name": "outlook",
        "mc_shipping": null,
        "flag_info": "",
        "for_auction": null,
        "profile_status": "",
        "item_number": "",
        "business": "",
        "settle_currency": "",
        "shipping": null,
        "amount": null,
        "currency_code": "",
        "txn_id": "263111205V342141H",
        "payment_status": "Pending",
        "payment_gross": "5.99",
        "retry_at": null,
        "exchange_rate": null,
        "residence_country": "US",
        "payer_status": "verified",
        "address_street": "",
        "initial_payment_amount": null,
        "auth_amount": null,
        "custom": "",
        "notify_version": "3.80",
        "period_type": "",
        "settle_amount": null,
        "recurring": "",
        "pending_reason": "unilateral",
        "username": "",
        "memo": "",
        "payer_id": "ALX42AXH6F6XC",
        "flag": false,
        "mc_handling": null,
        "address_zip": "",
        "mc_fee": null,
        "payment_type": "instant",
        "amount1": null,
        "recurring_payment_id": "",
        "protection_eligibility": "Ineligible",
        "receiver_email": "cormac.liston@gmail.com",
        "tax": null,
        "updated_at": "2017-08-31T14:40:16.659Z",
        "time_created": null,
        "mc_currency": "USD",
        "option_name1": "",
        "subscr_date": null,
        "option_name2": "",
        "txn_type": "web_accept",
        "recur_times": null,
        "auth_status": "",
        "auth_id": "",
        "rp_invoice_id": "",
        "payment_cycle": "",
        "subscr_effective": null,
        "charset": "windows-1252",
        "parent_txn_id": "",
        "handling_amount": null,
        "transaction_subject": "",
        "contact_phone": "",
        "product_name": "",
        "test_ipn": true,
        "receiver_id": "",
        "payment_date": "2017-08-31T14:40:12Z",
        "amount_per_cycle": null,
        "period2": "",
        "period3": "",
        "period1": "",
        "verify_sign": "AhBpGP1a26BqO2bPn7ApItATmBuXAuFtrV-sljmptemu-Y-l..nnXEx7",
        "flag_code": "",
        "ipaddress": "127.0.0.1",
        "response": "VERIFIED",
        "product_type": "",
        "receipt_id": "",
        "amount3": null,
        "amount2": null,
        "next_payment_date": null,
        "mc_amount3": null,
        "mc_amount2": null,
        "mc_amount1": null,
        "case_creation_date": null,
        "case_type": "",
        "quantity": 1
    },
    "model": "ipn.paypalipn",
    "pk": 1
},
{
    "fields": {
        "created_at": "2017-08-31T15:07:13.114Z",
        "last_name": "personal account",
        "shipping_method": "",
        "query": "txn_type=subscr_signup&subscr_id=I-GRETX0FLTM62&last_name=personal+account&residence_country=US&mc_currency=USD&item_name=mag2&business=cormac.music%40gmail.com&amount3=8.99&recurring=1&verify_sign=AiKZhEEPLJjSIccz.2M.tbyW5YFwA3jeEGnkdpwW1tByqv9D2n5hpom4&payer_status=verified&test_ipn=1&payer_email=cormac.liston%40outlook.com&first_name=outlook&receiver_email=cormac.music%40gmail.com&payer_id=ALX42AXH6F6XC&invoice=d7f925fd-8e30-4efa-b9a4-392c99c07ccd&reattempt=1&subscr_date=08%3A07%3A01+Aug+31%2C+2017+PDT&custom=2-2&charset=windows-1252&notify_version=3.8&period3=1+M&mc_amount3=8.99&ipn_track_id=db6f3dbe20bab",
        "outstanding_balance": null,
        "subscr_id": "I-GRETX0FLTM62",
        "auction_multi_item": null,
        "item_name": "mag2",
        "case_id": "",
        "mp_id": "",
        "address_name": "",
        "transaction_entity": "",
        "from_view": "",
        "auction_closing_date": null,
        "password": "",
        "auction_buyer_id": "",
        "address_country_code": "",
        "address_city": "",
        "address_status": "",
        "auth_exp": "",
        "payer_email": "cormac.liston@outlook.com",
        "mc_gross": null,
        "reattempt": "1",
        "reason_code": "",
        "remaining_settle": null,
        "invoice": "d7f925fd-8e30-4efa-b9a4-392c99c07ccd",
        "address_state": "",
        "num_cart_items": null,
        "address_country": "",
        "payer_business_name": "",
        "first_name": "outlook",
        "mc_shipping": null,
        "flag_info": "",
        "for_auction": null,
        "profile_status": "",
        "item_number": "",
        "business": "cormac.music@gmail.com",
        "settle_currency": "",
        "shipping": null,
        "amount": null,
        "currency_code": "",
        "txn_id": "",
        "payment_status": "",
        "payment_gross": null,
        "retry_at": null,
        "exchange_rate": null,
        "residence_country": "US",
        "payer_status": "verified",
        "address_street": "",
        "initial_payment_amount": null,
        "auth_amount": null,
        "custom": "2-2",
        "notify_version": "3.80",
        "period_type": "",
        "settle_amount": null,
        "recurring": "1",
        "pending_reason": "",
        "username": "",
        "memo": "",
        "payer_id": "ALX42AXH6F6XC",
        "flag": false,
        "mc_handling": null,
        "address_zip": "",
        "mc_fee": null,
        "payment_type": "",
        "amount1": null,
        "recurring_payment_id": "",
        "protection_eligibility": "",
        "receiver_email": "cormac.music@gmail.com",
        "tax": null,
        "updated_at": "2017-08-31T15:07:13.345Z",
        "time_created": null,
        "mc_currency": "USD",
        "option_name1": "",
        "subscr_date": "2017-08-31T15:07:01Z",
        "option_name2": "",
        "txn_type": "subscr_signup",
        "recur_times": null,
        "auth_status": "",
        "auth_id": "",
        "rp_invoice_id": "",
        "payment_cycle": "",
        "subscr_effective": null,
        "charset": "windows-1252",
        "parent_txn_id": "",
        "handling_amount": null,
        "transaction_subject": "",
        "contact_phone": "",
        "product_name": "",
        "test_ipn": true,
        "receiver_id": "",
        "payment_date": null,
        "amount_per_cycle": null,
        "period2": "",
        "period3": "1 M",
        "period1": "",
        "verify_sign": "AiKZhEEPLJjSIccz.2M.tbyW5YFwA3jeEGnkdpwW1tByqv9D2n5hpom4",
        "flag_code": "",
        "ipaddress": "127.0.0.1",
        "response": "VERIFIED",
        "product_type": "",
        "receipt_id": "",
        "amount3": "8.99",
        "amount2": null,
        "next_payment_date": null,
        "mc_amount3": "8.99",
        "mc_amount2": null,
        "mc_amount1": null,
        "case_creation_date": null,
        "case_type": "",
        "quantity": null
    },
    "model": "ipn.paypalipn",
    "pk": 2
},
{
    "fields": {
        "created_at": "2017-08-31T15:08:05.348Z",
        "last_name": "personal account",
        "shipping_method": "",
        "query": "transaction_subject=mag2&payment_date=08%3A07%3A04+Aug+31%2C+2017+PDT&txn_type=subscr_payment&subscr_id=I-GRETX0FLTM62&last_name=personal+account&residence_country=US&item_name=mag2&payment_gross=8.99&mc_currency=USD&business=cormac.music%40gmail.com&payment_type=instant&protection_eligibility=Ineligible&verify_sign=ApBHX6qbpxJW-Ll3oP22LSbo0WeuAJql8PE7OFTxHF9Cei1uh1c3Gpig&payer_status=verified&test_ipn=1&payer_email=cormac.liston%40outlook.com&txn_id=0V830658GP986633N&receiver_email=cormac.music%40gmail.com&first_name=outlook&invoice=d7f925fd-8e30-4efa-b9a4-392c99c07ccd&payer_id=ALX42AXH6F6XC&receiver_id=4BXV6GS846H2J&payment_status=Completed&payment_fee=0.56&mc_fee=0.56&mc_gross=8.99&custom=2-2&charset=windows-1252&notify_version=3.8&ipn_track_id=db6f3dbe20bab",
        "outstanding_balance": null,
        "subscr_id": "I-GRETX0FLTM62",
        "auction_multi_item": null,
        "item_name": "mag2",
        "case_id": "",
        "mp_id": "",
        "address_name": "",
        "transaction_entity": "",
        "from_view": "",
        "auction_closing_date": null,
        "password": "",
        "auction_buyer_id": "",
        "address_country_code": "",
        "address_city": "",
        "address_status": "",
        "auth_exp": "",
        "payer_email": "cormac.liston@outlook.com",
        "mc_gross": "8.99",
        "reattempt": "",
        "reason_code": "",
        "remaining_settle": null,
        "invoice": "d7f925fd-8e30-4efa-b9a4-392c99c07ccd",
        "address_state": "",
        "num_cart_items": null,
        "address_country": "",
        "payer_business_name": "",
        "first_name": "outlook",
        "mc_shipping": null,
        "flag_info": "",
        "for_auction": null,
        "profile_status": "",
        "item_number": "",
        "business": "cormac.music@gmail.com",
        "settle_currency": "",
        "shipping": null,
        "amount": null,
        "currency_code": "",
        "txn_id": "0V830658GP986633N",
        "payment_status": "Completed",
        "payment_gross": "8.99",
        "retry_at": null,
        "exchange_rate": null,
        "residence_country": "US",
        "payer_status": "verified",
        "address_street": "",
        "initial_payment_amount": null,
        "auth_amount": null,
        "custom": "2-2",
        "notify_version": "3.80",
        "period_type": "",
        "settle_amount": null,
        "recurring": "",
        "pending_reason": "",
        "username": "",
        "memo": "",
        "payer_id": "ALX42AXH6F6XC",
        "flag": false,
        "mc_handling": null,
        "address_zip": "",
        "mc_fee": "0.56",
        "payment_type": "instant",
        "amount1": null,
        "recurring_payment_id": "",
        "protection_eligibility": "Ineligible",
        "receiver_email": "cormac.music@gmail.com",
        "tax": null,
        "updated_at": "2017-08-31T15:08:05.504Z",
        "time_created": null,
        "mc_currency": "USD",
        "option_name1": "",
        "subscr_date": null,
        "option_name2": "",
        "txn_type": "subscr_payment",
        "recur_times": null,
        "auth_status": "",
        "auth_id": "",
        "rp_invoice_id": "",
        "payment_cycle": "",
        "subscr_effective": null,
        "charset": "windows-1252",
        "parent_txn_id": "",
        "handling_amount": null,
        "transaction_subject": "mag2",
        "contact_phone": "",
        "product_name": "",
        "test_ipn": true,
        "receiver_id": "4BXV6GS846H2J",
        "payment_date": "2017-08-31T15:07:04Z",
        "amount_per_cycle": null,
        "period2": "",
        "period3": "",
        "period1": "",
        "verify_sign": "ApBHX6qbpxJW-Ll3oP22LSbo0WeuAJql8PE7OFTxHF9Cei1uh1c3Gpig",
        "flag_code": "",
        "ipaddress": "127.0.0.1",
        "response": "VERIFIED",
        "product_type": "",
        "receipt_id": "",
        "amount3": null,
        "amount2": null,
        "next_payment_date": null,
        "mc_amount3": null,
        "mc_amount2": null,
        "mc_amount1": null,
        "case_creation_date": null,
        "case_type": "",
        "quantity": null
    },
    "model": "ipn.paypalipn",
    "pk": 3
},
{
    "fields": {
        "created_at": "2017-08-31T15:08:52.393Z",
        "last_name": "personal account",
        "shipping_method": "",
        "query": "transaction_subject=mag2&payment_date=08%3A08%3A42+Aug+31%2C+2017+PDT&txn_type=subscr_payment&subscr_id=I-U2WWJ29K9BYV&last_name=personal+account&residence_country=US&item_name=mag2&payment_gross=8.99&mc_currency=USD&business=cormac.music%40gmail.com&payment_type=instant&protection_eligibility=Ineligible&verify_sign=A--8MSCLabuvN8L.-MHjxC9uypBtAC1RglbagLahyzx0BwHzBVW4wCdf&payer_status=verified&test_ipn=1&payer_email=cormac.liston%40outlook.com&txn_id=1G415330B2923703D&receiver_email=cormac.music%40gmail.com&first_name=outlook&invoice=3dc7c1b7-9a01-4f15-afe2-bd6ba99a27dc&payer_id=ALX42AXH6F6XC&receiver_id=4BXV6GS846H2J&payment_status=Completed&payment_fee=0.56&mc_fee=0.56&mc_gross=8.99&custom=2-2&charset=windows-1252&notify_version=3.8&ipn_track_id=7b779663f40e8",
        "outstanding_balance": null,
        "subscr_id": "I-U2WWJ29K9BYV",
        "auction_multi_item": null,
        "item_name": "mag2",
        "case_id": "",
        "mp_id": "",
        "address_name": "",
        "transaction_entity": "",
        "from_view": "",
        "auction_closing_date": null,
        "password": "",
        "auction_buyer_id": "",
        "address_country_code": "",
        "address_city": "",
        "address_status": "",
        "auth_exp": "",
        "payer_email": "cormac.liston@outlook.com",
        "mc_gross": "8.99",
        "reattempt": "",
        "reason_code": "",
        "remaining_settle": null,
        "invoice": "3dc7c1b7-9a01-4f15-afe2-bd6ba99a27dc",
        "address_state": "",
        "num_cart_items": null,
        "address_country": "",
        "payer_business_name": "",
        "first_name": "outlook",
        "mc_shipping": null,
        "flag_info": "",
        "for_auction": null,
        "profile_status": "",
        "item_number": "",
        "business": "cormac.music@gmail.com",
        "settle_currency": "",
        "shipping": null,
        "amount": null,
        "currency_code": "",
        "txn_id": "1G415330B2923703D",
        "payment_status": "Completed",
        "payment_gross": "8.99",
        "retry_at": null,
        "exchange_rate": null,
        "residence_country": "US",
        "payer_status": "verified",
        "address_street": "",
        "initial_payment_amount": null,
        "auth_amount": null,
        "custom": "2-2",
        "notify_version": "3.80",
        "period_type": "",
        "settle_amount": null,
        "recurring": "",
        "pending_reason": "",
        "username": "",
        "memo": "",
        "payer_id": "ALX42AXH6F6XC",
        "flag": false,
        "mc_handling": null,
        "address_zip": "",
        "mc_fee": "0.56",
        "payment_type": "instant",
        "amount1": null,
        "recurring_payment_id": "",
        "protection_eligibility": "Ineligible",
        "receiver_email": "cormac.music@gmail.com",
        "tax": null,
        "updated_at": "2017-08-31T15:08:52.565Z",
        "time_created": null,
        "mc_currency": "USD",
        "option_name1": "",
        "subscr_date": null,
        "option_name2": "",
        "txn_type": "subscr_payment",
        "recur_times": null,
        "auth_status": "",
        "auth_id": "",
        "rp_invoice_id": "",
        "payment_cycle": "",
        "subscr_effective": null,
        "charset": "windows-1252",
        "parent_txn_id": "",
        "handling_amount": null,
        "transaction_subject": "mag2",
        "contact_phone": "",
        "product_name": "",
        "test_ipn": true,
        "receiver_id": "4BXV6GS846H2J",
        "payment_date": "2017-08-31T15:08:42Z",
        "amount_per_cycle": null,
        "period2": "",
        "period3": "",
        "period1": "",
        "verify_sign": "A--8MSCLabuvN8L.-MHjxC9uypBtAC1RglbagLahyzx0BwHzBVW4wCdf",
        "flag_code": "",
        "ipaddress": "127.0.0.1",
        "response": "VERIFIED",
        "product_type": "",
        "receipt_id": "",
        "amount3": null,
        "amount2": null,
        "next_payment_date": null,
        "mc_amount3": null,
        "mc_amount2": null,
        "mc_amount1": null,
        "case_creation_date": null,
        "case_type": "",
        "quantity": null
    },
    "model": "ipn.paypalipn",
    "pk": 4
},
{
    "fields": {
        "created_at": "2017-08-31T15:09:07.686Z",
        "last_name": "personal account",
        "shipping_method": "",
        "query": "txn_type=subscr_signup&subscr_id=I-U2WWJ29K9BYV&last_name=personal+account&residence_country=US&mc_currency=USD&item_name=mag2&business=cormac.music%40gmail.com&amount3=8.99&recurring=1&verify_sign=AomRS5l2W2xlt2An.GaSrAzpCl-NAXAGZjk9nzetgug0N08tlmSHcvHs&payer_status=verified&test_ipn=1&payer_email=cormac.liston%40outlook.com&first_name=outlook&receiver_email=cormac.music%40gmail.com&payer_id=ALX42AXH6F6XC&invoice=3dc7c1b7-9a01-4f15-afe2-bd6ba99a27dc&reattempt=1&subscr_date=08%3A08%3A39+Aug+31%2C+2017+PDT&custom=2-2&charset=windows-1252&notify_version=3.8&period3=1+M&mc_amount3=8.99&ipn_track_id=7b779663f40e8",
        "outstanding_balance": null,
        "subscr_id": "I-U2WWJ29K9BYV",
        "auction_multi_item": null,
        "item_name": "mag2",
        "case_id": "",
        "mp_id": "",
        "address_name": "",
        "transaction_entity": "",
        "from_view": "",
        "auction_closing_date": null,
        "password": "",
        "auction_buyer_id": "",
        "address_country_code": "",
        "address_city": "",
        "address_status": "",
        "auth_exp": "",
        "payer_email": "cormac.liston@outlook.com",
        "mc_gross": null,
        "reattempt": "1",
        "reason_code": "",
        "remaining_settle": null,
        "invoice": "3dc7c1b7-9a01-4f15-afe2-bd6ba99a27dc",
        "address_state": "",
        "num_cart_items": null,
        "address_country": "",
        "payer_business_name": "",
        "first_name": "outlook",
        "mc_shipping": null,
        "flag_info": "",
        "for_auction": null,
        "profile_status": "",
        "item_number": "",
        "business": "cormac.music@gmail.com",
        "settle_currency": "",
        "shipping": null,
        "amount": null,
        "currency_code": "",
        "txn_id": "",
        "payment_status": "",
        "payment_gross": null,
        "retry_at": null,
        "exchange_rate": null,
        "residence_country": "US",
        "payer_status": "verified",
        "address_street": "",
        "initial_payment_amount": null,
        "auth_amount": null,
        "custom": "2-2",
        "notify_version": "3.80",
        "period_type": "",
        "settle_amount": null,
        "recurring": "1",
        "pending_reason": "",
        "username": "",
        "memo": "",
        "payer_id": "ALX42AXH6F6XC",
        "flag": false,
        "mc_handling": null,
        "address_zip": "",
        "mc_fee": null,
        "payment_type": "",
        "amount1": null,
        "recurring_payment_id": "",
        "protection_eligibility": "",
        "receiver_email": "cormac.music@gmail.com",
        "tax": null,
        "updated_at": "2017-08-31T15:09:08.017Z",
        "time_created": null,
        "mc_currency": "USD",
        "option_name1": "",
        "subscr_date": "2017-08-31T15:08:39Z",
        "option_name2": "",
        "txn_type": "subscr_signup",
        "recur_times": null,
        "auth_status": "",
        "auth_id": "",
        "rp_invoice_id": "",
        "payment_cycle": "",
        "subscr_effective": null,
        "charset": "windows-1252",
        "parent_txn_id": "",
        "handling_amount": null,
        "transaction_subject": "",
        "contact_phone": "",
        "product_name": "",
        "test_ipn": true,
        "receiver_id": "",
        "payment_date": null,
        "amount_per_cycle": null,
        "period2": "",
        "period3": "1 M",
        "period1": "",
        "verify_sign": "AomRS5l2W2xlt2An.GaSrAzpCl-NAXAGZjk9nzetgug0N08tlmSHcvHs",
        "flag_code": "",
        "ipaddress": "127.0.0.1",
        "response": "VERIFIED",
        "product_type": "",
        "receipt_id": "",
        "amount3": "8.99",
        "amount2": null,
        "next_payment_date": null,
        "mc_amount3": "8.99",
        "mc_amount2": null,
        "mc_amount1": null,
        "case_creation_date": null,
        "case_type": "",
        "quantity": null
    },
    "model": "ipn.paypalipn",
    "pk": 5
},
{
    "fields": {
        "username": "cormac.liston@outlook.com",
        "first_name": "",
        "last_name": "",
        "is_active": true,
        "is_superuser": true,
        "is_staff": true,
        "last_login": "2017-08-31T22:51:45.062Z",
        "subscription_end": "2017-08-31T14:11:29.414Z",
        "groups": [],
        "user_permissions": [],
        "password": "pbkdf2_sha256$20000$mvurxzavD8cv$L4PaiSwg4cGtLUKOWHVKxjhwXyRWc+TzStDDf6n3Wes=",
        "stripe_id": "",
        "email": "cormac.liston@outlook.com",
        "date_joined": "2017-08-31T14:11:29.414Z"
    },
    "model": "accounts.user",
    "pk": 1
},
{
    "fields": {
        "username": "cormac74s@gmail.com",
        "first_name": "",
        "last_name": "",
        "is_active": true,
        "is_superuser": false,
        "is_staff": false,
        "last_login": "2017-08-31T23:05:04.309Z",
        "subscription_end": "2017-09-28T14:33:30.579Z",
        "groups": [],
        "user_permissions": [],
        "password": "pbkdf2_sha256$20000$A4sowmqnPEdN$bX/s7/aMj1dbK8/k2C4ZptSr/FZZavviElhgnBgDXkc=",
        "stripe_id": "cus_BJWnK0YvIKLRCN",
        "email": "cormac74s@gmail.com",
        "date_joined": "2017-08-31T14:33:27.799Z"
    },
    "model": "accounts.user",
    "pk": 2
},
{
    "fields": {
        "username": "cormac77h@gmail.com",
        "first_name": "",
        "last_name": "",
        "is_active": true,
        "is_superuser": false,
        "is_staff": false,
        "last_login": null,
        "subscription_end": "2017-10-10T17:26:08.168Z",
        "groups": [],
        "user_permissions": [],
        "password": "pbkdf2_sha256$20000$qcPKyslQ6fW4$f2dSlQaMw88AA39DQ29U5x8Cvfq8wCUUZNZkzWhQ28A=",
        "stripe_id": "cus_BO4HtmD5WbP9MD",
        "email": "cormac77h@gmail.com",
        "date_joined": "2017-09-12T17:26:06.060Z"
    },
    "model": "accounts.user",
    "pk": 3
},
{
    "fields": {
        "username": "cormac72j@gmail.com",
        "first_name": "",
        "last_name": "",
        "is_active": true,
        "is_superuser": false,
        "is_staff": false,
        "last_login": null,
        "subscription_end": "2017-10-10T17:26:50.124Z",
        "groups": [],
        "user_permissions": [],
        "password": "pbkdf2_sha256$20000$ZWdLu2wO0EDe$LvmFRgfmUPuHFHb9liXtb9BLXZyOJBjvmJavrbV3K1c=",
        "stripe_id": "cus_BO4IdBqgIR6HVh",
        "email": "cormac72j@gmail.com",
        "date_joined": "2017-09-12T17:26:48.265Z"
    },
    "model": "accounts.user",
    "pk": 4
},
{
    "fields": {
        "username": "cormac73m@gmail.com",
        "first_name": "",
        "last_name": "",
        "is_active": true,
        "is_superuser": false,
        "is_staff": false,
        "last_login": "2017-09-13T16:50:13.250Z",
        "subscription_end": "2017-10-11T16:50:12.464Z",
        "groups": [],
        "user_permissions": [],
        "password": "pbkdf2_sha256$20000$rm7l2UXTRXbs$OntVaKN4y16S7gi7mjdVIlZ92WadkRlhHgcbRDZRBw0=",
        "stripe_id": "cus_BOQvCcSBXvDm62",
        "email": "cormac73m@gmail.com",
        "date_joined": "2017-09-13T16:50:04.093Z"
    },
    "model": "accounts.user",
    "pk": 5
},
{
    "fields": {
        "username": "cormac72e@gmail.com",
        "first_name": "",
        "last_name": "",
        "is_active": true,
        "is_superuser": false,
        "is_staff": false,
        "last_login": "2017-09-13T16:52:28.449Z",
        "subscription_end": "2017-10-11T16:52:28.030Z",
        "groups": [],
        "user_permissions": [],
        "password": "pbkdf2_sha256$20000$lgdIO7AbQfkU$Pwhe6ij4C3m9LC5fxVQeoOTVM0ABVQVI6KKN2232uRE=",
        "stripe_id": "cus_BOQyZrcYbm2G6V",
        "email": "cormac72e@gmail.com",
        "date_joined": "2017-09-13T16:52:21.934Z"
    },
    "model": "accounts.user",
    "pk": 6
},
{
    "fields": {
        "price": "5.99",
        "name": "product1",
        "description": "product1"
    },
    "model": "products.product",
    "pk": 1
},
{
    "fields": {
        "price": "7.99",
        "name": "product2",
        "description": "product2"
    },
    "model": "products.product",
    "pk": 2
},
{
    "fields": {
        "price": "8.99",
        "name": "product3",
        "description": "product3"
    },
    "model": "products.product",
    "pk": 3
},
{
    "fields": {
        "price": "9.99",
        "name": "product4",
        "description": "product4"
    },
    "model": "products.product",
    "pk": 4
},
{
    "fields": {
        "price": "11.99",
        "name": "product5",
        "description": "product5 description"
    },
    "model": "products.product",
    "pk": 5
},
{
    "fields": {
        "price": "7.99",
        "name": "mag1",
        "description": "Magazine1"
    },
    "model": "magazines.magazine",
    "pk": 1
},
{
    "fields": {
        "price": "8.99",
        "name": "mag2",
        "description": "mag2"
    },
    "model": "magazines.magazine",
    "pk": 2
},
{
    "fields": {
        "price": "9.99",
        "name": "mag3",
        "description": "mag3"
    },
    "model": "magazines.magazine",
    "pk": 3
},
{
    "fields": {
        "price": "10.99",
        "name": "mag4",
        "description": "mag4"
    },
    "model": "magazines.magazine",
    "pk": 4
},
{
    "fields": {
        "magazine": 2,
        "user": [
            "cormac74s@gmail.com"
        ],
        "subscription_end": "2017-09-28T15:07:13.613Z"
    },
    "model": "magazines.purchase",
    "pk": 1
},
{
    "fields": {
        "magazine": 2,
        "user": [
            "cormac74s@gmail.com"
        ],
        "subscription_end": "2017-09-28T15:09:08.127Z"
    },
    "model": "magazines.purchase",
    "pk": 2
},
{
    "fields": {
        "name": "Arts",
        "description": "<p>.</p>"
    },
    "model": "threads.subject",
    "pk": 5
},
{
    "fields": {
        "name": "Business & Finance",
        "description": "<p>.</p>"
    },
    "model": "threads.subject",
    "pk": 6
},
{
    "fields": {
        "name": "Computer Games",
        "description": "<p>.</p>"
    },
    "model": "threads.subject",
    "pk": 7
},
{
    "fields": {
        "name": "Education",
        "description": "<p>.</p>"
    },
    "model": "threads.subject",
    "pk": 8
},
{
    "fields": {
        "name": "Entertainment",
        "description": "<p>.</p>"
    },
    "model": "threads.subject",
    "pk": 9
},
{
    "fields": {
        "name": "Home & Garden",
        "description": "<p>.</p>"
    },
    "model": "threads.subject",
    "pk": 10
},
{
    "fields": {
        "name": "Motor & Transport",
        "description": "<p>.</p>"
    },
    "model": "threads.subject",
    "pk": 11
},
{
    "fields": {
        "name": "Music",
        "description": "<p>.</p>"
    },
    "model": "threads.subject",
    "pk": 12
},
{
    "fields": {
        "name": "Politics",
        "description": "<p>.</p>"
    },
    "model": "threads.subject",
    "pk": 13
},
{
    "fields": {
        "name": "Recreation & Hobbies",
        "description": "<p>.</p>"
    },
    "model": "threads.subject",
    "pk": 14
},
{
    "fields": {
        "name": "Science, Health & Environment",
        "description": "<p>.</p>"
    },
    "model": "threads.subject",
    "pk": 15
},
{
    "fields": {
        "name": "Social & Fun",
        "description": "<p>.</p>"
    },
    "model": "threads.subject",
    "pk": 16
},
{
    "fields": {
        "name": "Society & Culture",
        "description": "<p>.</p>"
    },
    "model": "threads.subject",
    "pk": 17
},
{
    "fields": {
        "name": "Sports",
        "description": "<p>.</p>"
    },
    "model": "threads.subject",
    "pk": 18
},
{
    "fields": {
        "name": "Technology & Internet",
        "description": "<p>.</p>"
    },
    "model": "threads.subject",
    "pk": 19
},
{
    "fields": {
        "created_at": "2017-09-01T16:38:46.904Z",
        "subject": 12,
        "name": "How to get your music played in movies",
        "user": [
            "cormac74s@gmail.com"
        ]
    },
    "model": "threads.thread",
    "pk": 1
},
{
    "fields": {
        "created_at": "2017-09-01T16:44:21.356Z",
        "subject": 5,
        "name": "What's your favourite painting and why?",
        "user": [
            "cormac74s@gmail.com"
        ]
    },
    "model": "threads.thread",
    "pk": 2
},
{
    "fields": {
        "created_at": "2017-09-01T21:04:18.380Z",
        "subject": 6,
        "name": "How much is that doggy in the window?",
        "user": [
            "cormac74s@gmail.com"
        ]
    },
    "model": "threads.thread",
    "pk": 3
},
{
    "fields": {
        "created_at": "2017-09-01T22:12:45.343Z",
        "subject": 7,
        "name": "Anyone play on a ZX Spectrum +",
        "user": [
            "cormac74s@gmail.com"
        ]
    },
    "model": "threads.thread",
    "pk": 4
},
{
    "fields": {
        "created_at": "2017-09-01T22:14:48.206Z",
        "subject": 8,
        "name": "Is it back to school already?",
        "user": [
            "cormac74s@gmail.com"
        ]
    },
    "model": "threads.thread",
    "pk": 5
},
{
    "fields": {
        "created_at": "2017-09-01T23:15:01.766Z",
        "subject": 9,
        "name": "What's on TV tonight",
        "user": [
            "cormac74s@gmail.com"
        ]
    },
    "model": "threads.thread",
    "pk": 6
},
{
    "fields": {
        "created_at": "2017-09-04T15:41:09.744Z",
        "subject": 10,
        "name": "Where to get a good garden shed",
        "user": [
            "cormac74s@gmail.com"
        ]
    },
    "model": "threads.thread",
    "pk": 7
},
{
    "fields": {
        "created_at": "2017-09-05T22:34:47.718Z",
        "subject": 5,
        "name": "What is on in the Theatre",
        "user": [
            "cormac74s@gmail.com"
        ]
    },
    "model": "threads.thread",
    "pk": 8
},
{
    "fields": {
        "created_at": "2017-09-06T18:24:21.307Z",
        "subject": 7,
        "name": "What is the best computer game",
        "user": [
            "cormac74s@gmail.com"
        ]
    },
    "model": "threads.thread",
    "pk": 9
},
{
    "fields": {
        "created_at": "2017-09-06T18:31:07.247Z",
        "subject": 19,
        "name": "Social Media. Is it good for you",
        "user": [
            "cormac74s@gmail.com"
        ]
    },
    "model": "threads.thread",
    "pk": 10
},
{
    "fields": {
        "created_at": "2017-09-06T18:42:19.917Z",
        "subject": 15,
        "name": "Are cookies a waste of money",
        "user": [
            "cormac74s@gmail.com"
        ]
    },
    "model": "threads.thread",
    "pk": 11
},
{
    "fields": {
        "comment": "<p>Write, Rehearse, Record, Release</p>\r\n<p>Also do an instrumental version&nbsp;</p>\r\n<p>Then submit</p>",
        "created_at": "2017-09-01T16:38:46.904Z",
        "user": [
            "cormac74s@gmail.com"
        ],
        "thread": 1
    },
    "model": "threads.post",
    "pk": 1
},
{
    "fields": {
        "comment": "<p>The Scream by Edvard Munch</p>\r\n<p>I just like the lines</p>\r\n<p>And I also did a version of it for Art class</p>",
        "created_at": "2017-09-01T16:44:21.357Z",
        "user": [
            "cormac74s@gmail.com"
        ],
        "thread": 2
    },
    "model": "threads.post",
    "pk": 2
},
{
    "fields": {
        "comment": "<p>the one with the waggedy tail</p>",
        "created_at": "2017-09-01T21:04:18.380Z",
        "user": [
            "cormac74s@gmail.com"
        ],
        "thread": 3
    },
    "model": "threads.post",
    "pk": 3
},
{
    "fields": {
        "comment": "<p>In my childhood</p>",
        "created_at": "2017-09-01T22:12:45.344Z",
        "user": [
            "cormac74s@gmail.com"
        ],
        "thread": 4
    },
    "model": "threads.post",
    "pk": 4
},
{
    "fields": {
        "comment": "<p>yes</p>",
        "created_at": "2017-09-01T22:14:48.212Z",
        "user": [
            "cormac74s@gmail.com"
        ],
        "thread": 5
    },
    "model": "threads.post",
    "pk": 5
},
{
    "fields": {
        "comment": "I believe it is yes",
        "created_at": "2017-09-01T22:36:07.288Z",
        "user": [
            "cormac74s@gmail.com"
        ],
        "thread": 5
    },
    "model": "threads.post",
    "pk": 6
},
{
    "fields": {
        "comment": "Also the Bachelor",
        "created_at": "2017-09-01T23:15:27.591Z",
        "user": [
            "cormac74s@gmail.com"
        ],
        "thread": 6
    },
    "model": "threads.post",
    "pk": 8
},
{
    "fields": {
        "comment": "<p>Adman</p>",
        "created_at": "2017-09-04T15:41:09.745Z",
        "user": [
            "cormac74s@gmail.com"
        ],
        "thread": 7
    },
    "model": "threads.post",
    "pk": 9
},
{
    "fields": {
        "comment": "Timber Fencing Gates",
        "created_at": "2017-09-04T15:41:32.723Z",
        "user": [
            "cormac74s@gmail.com"
        ],
        "thread": 7
    },
    "model": "threads.post",
    "pk": 10
},
{
    "fields": {
        "comment": "test commebt",
        "created_at": "2017-09-05T12:52:35.593Z",
        "user": [
            "cormac74s@gmail.com"
        ],
        "thread": 3
    },
    "model": "threads.post",
    "pk": 11
},
{
    "fields": {
        "comment": "test",
        "created_at": "2017-09-05T13:56:06.674Z",
        "user": [
            "cormac.liston@outlook.com"
        ],
        "thread": 2
    },
    "model": "threads.post",
    "pk": 12
},
{
    "fields": {
        "comment": "<p>Which Theatre</p>",
        "created_at": "2017-09-05T22:34:47.718Z",
        "user": [
            "cormac74s@gmail.com"
        ],
        "thread": 8
    },
    "model": "threads.post",
    "pk": 13
},
{
    "fields": {
        "comment": "<p>Super Mario Brothers</p>",
        "created_at": "2017-09-06T18:24:21.308Z",
        "user": [
            "cormac74s@gmail.com"
        ],
        "thread": 9
    },
    "model": "threads.post",
    "pk": 14
},
{
    "fields": {
        "comment": "<p>It's good to stay in touch but it can be addictive</p>",
        "created_at": "2017-09-06T18:31:07.247Z",
        "user": [
            "cormac74s@gmail.com"
        ],
        "thread": 10
    },
    "model": "threads.post",
    "pk": 15
},
{
    "fields": {
        "comment": "People can over-share",
        "created_at": "2017-09-06T18:31:48.193Z",
        "user": [
            "cormac74s@gmail.com"
        ],
        "thread": 10
    },
    "model": "threads.post",
    "pk": 16
},
{
    "fields": {
        "comment": "<p>Yes I think so</p>",
        "created_at": "2017-09-06T18:42:19.917Z",
        "user": [
            "cormac74s@gmail.com"
        ],
        "thread": 11
    },
    "model": "threads.post",
    "pk": 17
},
{
    "fields": {
        "question": "Modern or Classic?",
        "thread": 2
    },
    "model": "polls.poll",
    "pk": 1
},
{
    "fields": {
        "question": "What is your favourite Theatre in Dublin",
        "thread": 8
    },
    "model": "polls.poll",
    "pk": 2
},
{
    "fields": {
        "question": "How many Hours a week do you spend in front of a computer",
        "thread": 9
    },
    "model": "polls.poll",
    "pk": 3
},
{
    "fields": {
        "question": "What is your favourite Social Network",
        "thread": 10
    },
    "model": "polls.poll",
    "pk": 4
},
{
    "fields": {
        "question": "What is your favourite type of cookie?",
        "thread": 11
    },
    "model": "polls.poll",
    "pk": 5
},
{
    "fields": {
        "poll": 1,
        "name": "Cormac Liston"
    },
    "model": "polls.pollsubject",
    "pk": 1
},
{
    "fields": {
        "poll": 3,
        "name": "Less than 10"
    },
    "model": "polls.pollsubject",
    "pk": 2
},
{
    "fields": {
        "poll": 3,
        "name": "More than 10 but less than 20"
    },
    "model": "polls.pollsubject",
    "pk": 3
},
{
    "fields": {
        "poll": 3,
        "name": "More than 20?"
    },
    "model": "polls.pollsubject",
    "pk": 4
},
{
    "fields": {
        "poll": 4,
        "name": "Twitter"
    },
    "model": "polls.pollsubject",
    "pk": 5
},
{
    "fields": {
        "poll": 4,
        "name": "Facebook"
    },
    "model": "polls.pollsubject",
    "pk": 6
},
{
    "fields": {
        "poll": 4,
        "name": "Instagram"
    },
    "model": "polls.pollsubject",
    "pk": 7
},
{
    "fields": {
        "poll": 5,
        "name": "Chocolate Chip"
    },
    "model": "polls.pollsubject",
    "pk": 8
},
{
    "fields": {
        "poll": 5,
        "name": "GingerNuut"
    },
    "model": "polls.pollsubject",
    "pk": 9
},
{
    "fields": {
        "poll": 5,
        "name": "Custard Cream"
    },
    "model": "polls.pollsubject",
    "pk": 10
},
{
    "fields": {
        "poll": 3,
        "user": [
            "cormac74s@gmail.com"
        ],
        "subject": 3
    },
    "model": "polls.vote",
    "pk": 1
},
{
    "fields": {
        "poll": 4,
        "user": [
            "cormac74s@gmail.com"
        ],
        "subject": 6
    },
    "model": "polls.vote",
    "pk": 2
},
{
    "fields": {
        "poll": 5,
        "user": [
            "cormac74s@gmail.com"
        ],
        "subject": 9
    },
    "model": "polls.vote",
    "pk": 3
},
{
    "fields": {
        "author": [
            "cormac.liston@outlook.com"
        ],
        "title": "post1",
        "image": "images/150_EURO.JPG",
        "views": 0,
        "content": "Lorem Ipsum is simply dummy text of the printing and typesetting industry. Lorem Ipsum has been the industry's standard dummy text ever since the 1500s, when an unknown printer took a galley of type and scrambled it to make a type specimen book. It has survived not only five centuries, but also the leap into electronic typesetting, remaining essentially unchanged. It was popularised in the 1960s with the release of Letraset sheets containing Lorem Ipsum passages, and more recently with desktop publishing software like Aldus PageMaker including versions of Lorem Ipsum.",
        "tag": "IT",
        "published_date": "2017-08-31T14:18:29Z",
        "created_date": "2017-08-31T14:17:43Z"
    },
    "model": "reusable_blog.post",
    "pk": 1
},
{
    "fields": {
        "author": [
            "cormac.liston@outlook.com"
        ],
        "title": "post2",
        "image": "images/400_EURO.JPG",
        "views": 5,
        "content": "It is a long established fact that a reader will be distracted by the readable content of a page when looking at its layout. The point of using Lorem Ipsum is that it has a more-or-less normal distribution of letters, as opposed to using 'Content here, content here', making it look like readable English. Many desktop publishing packages and web page editors now use Lorem Ipsum as their default model text, and a search for 'lorem ipsum' will uncover many web sites still in their infancy. Various versions have evolved over the years, sometimes by accident, sometimes on purpose (injected humour and the like).",
        "tag": "health",
        "published_date": "2017-08-31T14:19:29Z",
        "created_date": "2017-08-31T14:19:10Z"
    },
    "model": "reusable_blog.post",
    "pk": 2
},
{
    "fields": {
        "author": [
            "cormac.liston@outlook.com"
        ],
        "title": "post3",
        "image": "images/600_EURO.JPG",
        "views": 6,
        "content": "There are many variations of passages of Lorem Ipsum available, but the majority have suffered alteration in some form, by injected humour, or randomised words which don't look even slightly believable. If you are going to use a passage of Lorem Ipsum, you need to be sure there isn't anything embarrassing hidden in the middle of text. All the Lorem Ipsum generators on the Internet tend to repeat predefined chunks as necessary, making this the first true generator on the Internet. It uses a dictionary of over 200 Latin words, combined with a handful of model sentence structures, to generate Lorem Ipsum which looks reasonable. The generated Lorem Ipsum is therefore always free from repetition, injected humour, or non-characteristic words etc.",
        "tag": "music",
        "published_date": "2017-08-31T14:20:06Z",
        "created_date": "2017-08-31T14:19:45Z"
    },
    "model": "reusable_blog.post",
    "pk": 3
},
{
    "fields": {
        "author": [
            "cormac.liston@outlook.com"
        ],
        "title": "post4",
        "image": "images/PAYPAL_ACCOUNTS.JPG",
        "views": 5,
        "content": "Lorem ipsum dolor sit amet, consectetur adipiscing elit, sed do eiusmod tempor incididunt ut labore et dolore magna aliqua. Ut enim ad minim veniam, quis nostrud exercitation ullamco laboris nisi ut aliquip ex ea commodo consequat. Duis aute irure dolor in reprehenderit in voluptate velit esse cillum dolore eu fugiat nulla pariatur. Excepteur sint occaecat cupidatat non proident, sunt in culpa qui officia deserunt mollit anim id est laborum",
        "tag": "food",
        "published_date": "2017-08-31T14:20:43Z",
        "created_date": "2017-08-31T14:20:21Z"
    },
    "model": "reusable_blog.post",
    "pk": 4
},
{
    "fields": {
        "action_flag": 1,
        "action_time": "2017-08-31T14:14:48.508Z",
        "object_repr": "mag1",
        "object_id": "1",
        "change_message": "",
        "user": [
            "cormac.liston@outlook.com"
        ],
        "content_type": [
            "magazines",
            "magazine"
        ]
    },
    "model": "admin.logentry",
    "pk": 1
},
{
    "fields": {
        "action_flag": 1,
        "action_time": "2017-08-31T14:14:58.836Z",
        "object_repr": "mag2",
        "object_id": "2",
        "change_message": "",
        "user": [
            "cormac.liston@outlook.com"
        ],
        "content_type": [
            "magazines",
            "magazine"
        ]
    },
    "model": "admin.logentry",
    "pk": 2
},
{
    "fields": {
        "action_flag": 1,
        "action_time": "2017-08-31T14:15:07.735Z",
        "object_repr": "mag3",
        "object_id": "3",
        "change_message": "",
        "user": [
            "cormac.liston@outlook.com"
        ],
        "content_type": [
            "magazines",
            "magazine"
        ]
    },
    "model": "admin.logentry",
    "pk": 3
},
{
    "fields": {
        "action_flag": 1,
        "action_time": "2017-08-31T14:15:17.105Z",
        "object_repr": "mag4",
        "object_id": "4",
        "change_message": "",
        "user": [
            "cormac.liston@outlook.com"
        ],
        "content_type": [
            "magazines",
            "magazine"
        ]
    },
    "model": "admin.logentry",
    "pk": 4
},
{
    "fields": {
        "action_flag": 1,
        "action_time": "2017-08-31T14:16:20.974Z",
        "object_repr": "product1",
        "object_id": "1",
        "change_message": "",
        "user": [
            "cormac.liston@outlook.com"
        ],
        "content_type": [
            "products",
            "product"
        ]
    },
    "model": "admin.logentry",
    "pk": 5
},
{
    "fields": {
        "action_flag": 1,
        "action_time": "2017-08-31T14:16:37.190Z",
        "object_repr": "product2",
        "object_id": "2",
        "change_message": "",
        "user": [
            "cormac.liston@outlook.com"
        ],
        "content_type": [
            "products",
            "product"
        ]
    },
    "model": "admin.logentry",
    "pk": 6
},
{
    "fields": {
        "action_flag": 1,
        "action_time": "2017-08-31T14:16:49.847Z",
        "object_repr": "product3",
        "object_id": "3",
        "change_message": "",
        "user": [
            "cormac.liston@outlook.com"
        ],
        "content_type": [
            "products",
            "product"
        ]
    },
    "model": "admin.logentry",
    "pk": 7
},
{
    "fields": {
        "action_flag": 1,
        "action_time": "2017-08-31T14:17:03.660Z",
        "object_repr": "product4",
        "object_id": "4",
        "change_message": "",
        "user": [
            "cormac.liston@outlook.com"
        ],
        "content_type": [
            "products",
            "product"
        ]
    },
    "model": "admin.logentry",
    "pk": 8
},
{
    "fields": {
        "action_flag": 1,
        "action_time": "2017-08-31T14:17:24.580Z",
        "object_repr": "product5",
        "object_id": "5",
        "change_message": "",
        "user": [
            "cormac.liston@outlook.com"
        ],
        "content_type": [
            "products",
            "product"
        ]
    },
    "model": "admin.logentry",
    "pk": 9
},
{
    "fields": {
        "action_flag": 1,
        "action_time": "2017-08-31T14:19:10.384Z",
        "object_repr": "post1",
        "object_id": "1",
        "change_message": "",
        "user": [
            "cormac.liston@outlook.com"
        ],
        "content_type": [
            "reusable_blog",
            "post"
        ]
    },
    "model": "admin.logentry",
    "pk": 10
},
{
    "fields": {
        "action_flag": 1,
        "action_time": "2017-08-31T14:19:45.306Z",
        "object_repr": "post2",
        "object_id": "2",
        "change_message": "",
        "user": [
            "cormac.liston@outlook.com"
        ],
        "content_type": [
            "reusable_blog",
            "post"
        ]
    },
    "model": "admin.logentry",
    "pk": 11
},
{
    "fields": {
        "action_flag": 1,
        "action_time": "2017-08-31T14:20:20.770Z",
        "object_repr": "post3",
        "object_id": "3",
        "change_message": "",
        "user": [
            "cormac.liston@outlook.com"
        ],
        "content_type": [
            "reusable_blog",
            "post"
        ]
    },
    "model": "admin.logentry",
    "pk": 12
},
{
    "fields": {
        "action_flag": 1,
        "action_time": "2017-08-31T14:20:57.209Z",
        "object_repr": "post4",
        "object_id": "4",
        "change_message": "",
        "user": [
            "cormac.liston@outlook.com"
        ],
        "content_type": [
            "reusable_blog",
            "post"
        ]
    },
    "model": "admin.logentry",
    "pk": 13
},
{
    "fields": {
        "action_flag": 1,
        "action_time": "2017-08-31T22:20:28.658Z",
        "object_repr": "why be a DEP musician",
        "object_id": "1",
        "change_message": "",
        "user": [
            "cormac.liston@outlook.com"
        ],
        "content_type": [
            "threads",
            "subject"
        ]
    },
    "model": "admin.logentry",
    "pk": 14
},
{
    "fields": {
        "action_flag": 1,
        "action_time": "2017-08-31T22:22:05.261Z",
        "object_repr": "How to get your music into movies",
        "object_id": "2",
        "change_message": "",
        "user": [
            "cormac.liston@outlook.com"
        ],
        "content_type": [
            "threads",
            "subject"
        ]
    },
    "model": "admin.logentry",
    "pk": 15
},
{
    "fields": {
        "action_flag": 1,
        "action_time": "2017-08-31T22:22:22.617Z",
        "object_repr": "making a music video",
        "object_id": "3",
        "change_message": "",
        "user": [
            "cormac.liston@outlook.com"
        ],
        "content_type": [
            "threads",
            "subject"
        ]
    },
    "model": "admin.logentry",
    "pk": 16
},
{
    "fields": {
        "action_flag": 1,
        "action_time": "2017-08-31T22:35:35.360Z",
        "object_repr": "how much do you like Breaking Bad?",
        "object_id": "4",
        "change_message": "",
        "user": [
            "cormac.liston@outlook.com"
        ],
        "content_type": [
            "threads",
            "subject"
        ]
    },
    "model": "admin.logentry",
    "pk": 17
},
{
    "fields": {
        "action_flag": 2,
        "action_time": "2017-08-31T22:40:29.622Z",
        "object_repr": "making a music video",
        "object_id": "3",
        "change_message": "Changed description.",
        "user": [
            "cormac.liston@outlook.com"
        ],
        "content_type": [
            "threads",
            "subject"
        ]
    },
    "model": "admin.logentry",
    "pk": 18
},
{
    "fields": {
        "action_flag": 2,
        "action_time": "2017-08-31T22:40:44.620Z",
        "object_repr": "How to get your music into movies",
        "object_id": "2",
        "change_message": "Changed description.",
        "user": [
            "cormac.liston@outlook.com"
        ],
        "content_type": [
            "threads",
            "subject"
        ]
    },
    "model": "admin.logentry",
    "pk": 19
},
{
    "fields": {
        "action_flag": 2,
        "action_time": "2017-08-31T22:41:09.837Z",
        "object_repr": "why be a DEP musician",
        "object_id": "1",
        "change_message": "Changed description.",
        "user": [
            "cormac.liston@outlook.com"
        ],
        "content_type": [
            "threads",
            "subject"
        ]
    },
    "model": "admin.logentry",
    "pk": 20
},
{
    "fields": {
        "action_flag": 1,
        "action_time": "2017-08-31T22:52:38.643Z",
        "object_repr": "Arts",
        "object_id": "5",
        "change_message": "",
        "user": [
            "cormac.liston@outlook.com"
        ],
        "content_type": [
            "threads",
            "subject"
        ]
    },
    "model": "admin.logentry",
    "pk": 21
},
{
    "fields": {
        "action_flag": 1,
        "action_time": "2017-08-31T22:52:56.450Z",
        "object_repr": "Business & Finance",
        "object_id": "6",
        "change_message": "",
        "user": [
            "cormac.liston@outlook.com"
        ],
        "content_type": [
            "threads",
            "subject"
        ]
    },
    "model": "admin.logentry",
    "pk": 22
},
{
    "fields": {
        "action_flag": 1,
        "action_time": "2017-08-31T22:53:13.147Z",
        "object_repr": "Computer Games",
        "object_id": "7",
        "change_message": "",
        "user": [
            "cormac.liston@outlook.com"
        ],
        "content_type": [
            "threads",
            "subject"
        ]
    },
    "model": "admin.logentry",
    "pk": 23
},
{
    "fields": {
        "action_flag": 1,
        "action_time": "2017-08-31T22:53:25.324Z",
        "object_repr": "Education",
        "object_id": "8",
        "change_message": "",
        "user": [
            "cormac.liston@outlook.com"
        ],
        "content_type": [
            "threads",
            "subject"
        ]
    },
    "model": "admin.logentry",
    "pk": 24
},
{
    "fields": {
        "action_flag": 1,
        "action_time": "2017-08-31T22:53:38.448Z",
        "object_repr": "Entertainment",
        "object_id": "9",
        "change_message": "",
        "user": [
            "cormac.liston@outlook.com"
        ],
        "content_type": [
            "threads",
            "subject"
        ]
    },
    "model": "admin.logentry",
    "pk": 25
},
{
    "fields": {
        "action_flag": 1,
        "action_time": "2017-08-31T22:53:53.062Z",
        "object_repr": "Home & Garden",
        "object_id": "10",
        "change_message": "",
        "user": [
            "cormac.liston@outlook.com"
        ],
        "content_type": [
            "threads",
            "subject"
        ]
    },
    "model": "admin.logentry",
    "pk": 26
},
{
    "fields": {
        "action_flag": 1,
        "action_time": "2017-08-31T22:54:17.568Z",
        "object_repr": "Motor & Transport",
        "object_id": "11",
        "change_message": "",
        "user": [
            "cormac.liston@outlook.com"
        ],
        "content_type": [
            "threads",
            "subject"
        ]
    },
    "model": "admin.logentry",
    "pk": 27
},
{
    "fields": {
        "action_flag": 1,
        "action_time": "2017-08-31T22:54:28.669Z",
        "object_repr": "Music",
        "object_id": "12",
        "change_message": "",
        "user": [
            "cormac.liston@outlook.com"
        ],
        "content_type": [
            "threads",
            "subject"
        ]
    },
    "model": "admin.logentry",
    "pk": 28
},
{
    "fields": {
        "action_flag": 1,
        "action_time": "2017-08-31T22:54:41.958Z",
        "object_repr": "Politics",
        "object_id": "13",
        "change_message": "",
        "user": [
            "cormac.liston@outlook.com"
        ],
        "content_type": [
            "threads",
            "subject"
        ]
    },
    "model": "admin.logentry",
    "pk": 29
},
{
    "fields": {
        "action_flag": 1,
        "action_time": "2017-08-31T22:55:00.421Z",
        "object_repr": "Recreation & Hobbies",
        "object_id": "14",
        "change_message": "",
        "user": [
            "cormac.liston@outlook.com"
        ],
        "content_type": [
            "threads",
            "subject"
        ]
    },
    "model": "admin.logentry",
    "pk": 30
},
{
    "fields": {
        "action_flag": 1,
        "action_time": "2017-08-31T22:55:38.617Z",
        "object_repr": "Science, Health & Environment",
        "object_id": "15",
        "change_message": "",
        "user": [
            "cormac.liston@outlook.com"
        ],
        "content_type": [
            "threads",
            "subject"
        ]
    },
    "model": "admin.logentry",
    "pk": 31
},
{
    "fields": {
        "action_flag": 1,
        "action_time": "2017-08-31T22:55:49.797Z",
        "object_repr": "Social & Fun",
        "object_id": "16",
        "change_message": "",
        "user": [
            "cormac.liston@outlook.com"
        ],
        "content_type": [
            "threads",
            "subject"
        ]
    },
    "model": "admin.logentry",
    "pk": 32
},
{
    "fields": {
        "action_flag": 1,
        "action_time": "2017-08-31T22:56:04.835Z",
        "object_repr": "Society & Culture",
        "object_id": "17",
        "change_message": "",
        "user": [
            "cormac.liston@outlook.com"
        ],
        "content_type": [
            "threads",
            "subject"
        ]
    },
    "model": "admin.logentry",
    "pk": 33
},
{
    "fields": {
        "action_flag": 1,
        "action_time": "2017-08-31T22:56:15.301Z",
        "object_repr": "Sports",
        "object_id": "18",
        "change_message": "",
        "user": [
            "cormac.liston@outlook.com"
        ],
        "content_type": [
            "threads",
            "subject"
        ]
    },
    "model": "admin.logentry",
    "pk": 34
},
{
    "fields": {
        "action_flag": 1,
        "action_time": "2017-08-31T22:56:30.293Z",
        "object_repr": "Technology & Internet",
        "object_id": "19",
        "change_message": "",
        "user": [
            "cormac.liston@outlook.com"
        ],
        "content_type": [
            "threads",
            "subject"
        ]
    },
    "model": "admin.logentry",
    "pk": 35
},
{
    "fields": {
        "action_flag": 3,
        "action_time": "2017-08-31T22:56:56.708Z",
        "object_repr": "how much do you like Breaking Bad?",
        "object_id": "4",
        "change_message": "",
        "user": [
            "cormac.liston@outlook.com"
        ],
        "content_type": [
            "threads",
            "subject"
        ]
    },
    "model": "admin.logentry",
    "pk": 36
},
{
    "fields": {
        "action_flag": 3,
        "action_time": "2017-08-31T22:56:56.909Z",
        "object_repr": "making a music video",
        "object_id": "3",
        "change_message": "",
        "user": [
            "cormac.liston@outlook.com"
        ],
        "content_type": [
            "threads",
            "subject"
        ]
    },
    "model": "admin.logentry",
    "pk": 37
},
{
    "fields": {
        "action_flag": 3,
        "action_time": "2017-08-31T22:56:57.136Z",
        "object_repr": "How to get your music into movies",
        "object_id": "2",
        "change_message": "",
        "user": [
            "cormac.liston@outlook.com"
        ],
        "content_type": [
            "threads",
            "subject"
        ]
    },
    "model": "admin.logentry",
    "pk": 38
},
{
    "fields": {
        "action_flag": 3,
        "action_time": "2017-08-31T22:56:57.365Z",
        "object_repr": "why be a DEP musician",
        "object_id": "1",
        "change_message": "",
        "user": [
            "cormac.liston@outlook.com"
        ],
        "content_type": [
            "threads",
            "subject"
        ]
    },
    "model": "admin.logentry",
    "pk": 39
},
{
    "fields": {
        "action_flag": 2,
        "action_time": "2017-09-05T13:45:13.747Z",
        "object_repr": "product5",
        "object_id": "5",
        "change_message": "Changed description.",
        "user": [
            "cormac.liston@outlook.com"
        ],
        "content_type": [
            "products",
            "product"
        ]
    },
    "model": "admin.logentry",
    "pk": 40
},
{
    "fields": {
        "action_flag": 1,
        "action_time": "2017-09-05T13:53:05.087Z",
        "object_repr": "Modern or Classic?",
        "object_id": "1",
        "change_message": "",
        "user": [
            "cormac.liston@outlook.com"
        ],
        "content_type": [
            "polls",
            "poll"
        ]
    },
    "model": "admin.logentry",
    "pk": 41
},
{
    "fields": {
        "action_flag": 1,
        "action_time": "2017-09-05T13:54:06.849Z",
        "object_repr": "Cormac Liston",
        "object_id": "1",
        "change_message": "",
        "user": [
            "cormac.liston@outlook.com"
        ],
        "content_type": [
            "polls",
            "pollsubject"
        ]
    },
    "model": "admin.logentry",
    "pk": 42
}
]
