[
{
    "fields": {
        "name": "Arts",
        "description": "<p>.</p>"
    },
    "model": "threads.subject",
    "pk": 5
},
{
    "fields": {
        "name": "Business & Finance",
        "description": "<p>.</p>"
    },
    "model": "threads.subject",
    "pk": 6
},
{
    "fields": {
        "name": "Computer Games",
        "description": "<p>.</p>"
    },
    "model": "threads.subject",
    "pk": 7
},
{
    "fields": {
        "name": "Education",
        "description": "<p>.</p>"
    },
    "model": "threads.subject",
    "pk": 8
},
{
    "fields": {
        "name": "Entertainment",
        "description": "<p>.</p>"
    },
    "model": "threads.subject",
    "pk": 9
},
{
    "fields": {
        "name": "Home & Garden",
        "description": "<p>.</p>"
    },
    "model": "threads.subject",
    "pk": 10
},
{
    "fields": {
        "name": "Motor & Transport",
        "description": "<p>.</p>"
    },
    "model": "threads.subject",
    "pk": 11
},
{
    "fields": {
        "name": "Music",
        "description": "<p>.</p>"
    },
    "model": "threads.subject",
    "pk": 12
},
{
    "fields": {
        "name": "Politics",
        "description": "<p>.</p>"
    },
    "model": "threads.subject",
    "pk": 13
},
{
    "fields": {
        "name": "Recreation & Hobbies",
        "description": "<p>.</p>"
    },
    "model": "threads.subject",
    "pk": 14
},
{
    "fields": {
        "name": "Science, Health & Environment",
        "description": "<p>.</p>"
    },
    "model": "threads.subject",
    "pk": 15
},
{
    "fields": {
        "name": "Social & Fun",
        "description": "<p>.</p>"
    },
    "model": "threads.subject",
    "pk": 16
},
{
    "fields": {
        "name": "Society & Culture",
        "description": "<p>.</p>"
    },
    "model": "threads.subject",
    "pk": 17
},
{
    "fields": {
        "name": "Sports",
        "description": "<p>.</p>"
    },
    "model": "threads.subject",
    "pk": 18
},
{
    "fields": {
        "name": "Technology & Internet",
        "description": "<p>.</p>"
    },
    "model": "threads.subject",
    "pk": 19
},
{
    "fields": {
        "created_at": "2017-09-01T16:38:46.904Z",
        "subject": 12,
        "name": "How to get your music played in movies",
        "user": 2
    },
    "model": "threads.thread",
    "pk": 1
},
{
    "fields": {
        "created_at": "2017-09-01T16:44:21.356Z",
        "subject": 5,
        "name": "What's your favourite painting and why?",
        "user": 2
    },
    "model": "threads.thread",
    "pk": 2
},
{
    "fields": {
        "created_at": "2017-09-01T21:04:18.380Z",
        "subject": 6,
        "name": "How much is that doggy in the window?",
        "user": 2
    },
    "model": "threads.thread",
    "pk": 3
},
{
    "fields": {
        "created_at": "2017-09-01T22:12:45.343Z",
        "subject": 7,
        "name": "Anyone play on a ZX Spectrum +",
        "user": 2
    },
    "model": "threads.thread",
    "pk": 4
},
{
    "fields": {
        "created_at": "2017-09-01T22:14:48.206Z",
        "subject": 8,
        "name": "Is it back to school already?",
        "user": 2
    },
    "model": "threads.thread",
    "pk": 5
},
{
    "fields": {
        "created_at": "2017-09-01T23:15:01.766Z",
        "subject": 9,
        "name": "What's on TV tonight",
        "user": 2
    },
    "model": "threads.thread",
    "pk": 6
},
{
    "fields": {
        "created_at": "2017-09-04T15:41:09.744Z",
        "subject": 10,
        "name": "Where to get a good garden shed",
        "user": 2
    },
    "model": "threads.thread",
    "pk": 7
},
{
    "fields": {
        "created_at": "2017-09-05T22:34:47.718Z",
        "subject": 5,
        "name": "What is on in the Theatre",
        "user": 2
    },
    "model": "threads.thread",
    "pk": 8
},
{
    "fields": {
        "created_at": "2017-09-06T18:24:21.307Z",
        "subject": 7,
        "name": "What is the best computer game",
        "user": 2
    },
    "model": "threads.thread",
    "pk": 9
},
{
    "fields": {
        "created_at": "2017-09-06T18:31:07.247Z",
        "subject": 19,
        "name": "Social Media. Is it good for you",
        "user": 2
    },
    "model": "threads.thread",
    "pk": 10
},
{
    "fields": {
        "created_at": "2017-09-06T18:42:19.917Z",
        "subject": 15,
        "name": "Are cookies a waste of money",
        "user": 2
    },
    "model": "threads.thread",
    "pk": 11
},
{
    "fields": {
        "comment": "<p>Write, Rehearse, Record, Release</p>\r\n<p>Also do an instrumental version&nbsp;</p>\r\n<p>Then submit</p>",
        "created_at": "2017-09-01T16:38:46.904Z",
        "user": 2,
        "thread": 1
    },
    "model": "threads.post",
    "pk": 1
},
{
    "fields": {
        "comment": "<p>The Scream by Edvard Munch</p>\r\n<p>I just like the lines</p>\r\n<p>And I also did a version of it for Art class</p>",
        "created_at": "2017-09-01T16:44:21.357Z",
        "user": 2,
        "thread": 2
    },
    "model": "threads.post",
    "pk": 2
},
{
    "fields": {
        "comment": "<p>the one with the waggedy tail</p>",
        "created_at": "2017-09-01T21:04:18.380Z",
        "user": 2,
        "thread": 3
    },
    "model": "threads.post",
    "pk": 3
},
{
    "fields": {
        "comment": "<p>In my childhood</p>",
        "created_at": "2017-09-01T22:12:45.344Z",
        "user": 2,
        "thread": 4
    },
    "model": "threads.post",
    "pk": 4
},
{
    "fields": {
        "comment": "<p>yes</p>",
        "created_at": "2017-09-01T22:14:48.212Z",
        "user": 2,
        "thread": 5
    },
    "model": "threads.post",
    "pk": 5
},
{
    "fields": {
        "comment": "I believe it is yes",
        "created_at": "2017-09-01T22:36:07.288Z",
        "user": 2,
        "thread": 5
    },
    "model": "threads.post",
    "pk": 6
},
{
    "fields": {
        "comment": "Also the Bachelor",
        "created_at": "2017-09-01T23:15:27.591Z",
        "user": 2,
        "thread": 6
    },
    "model": "threads.post",
    "pk": 8
},
{
    "fields": {
        "comment": "<p>Adman</p>",
        "created_at": "2017-09-04T15:41:09.745Z",
        "user": 2,
        "thread": 7
    },
    "model": "threads.post",
    "pk": 9
},
{
    "fields": {
        "comment": "Timber Fencing Gates",
        "created_at": "2017-09-04T15:41:32.723Z",
        "user": 2,
        "thread": 7
    },
    "model": "threads.post",
    "pk": 10
},
{
    "fields": {
        "comment": "test commebt",
        "created_at": "2017-09-05T12:52:35.593Z",
        "user": 2,
        "thread": 3
    },
    "model": "threads.post",
    "pk": 11
},
{
    "fields": {
        "comment": "test",
        "created_at": "2017-09-05T13:56:06.674Z",
        "user": 1,
        "thread": 2
    },
    "model": "threads.post",
    "pk": 12
},
{
    "fields": {
        "comment": "<p>Which Theatre</p>",
        "created_at": "2017-09-05T22:34:47.718Z",
        "user": 2,
        "thread": 8
    },
    "model": "threads.post",
    "pk": 13
},
{
    "fields": {
        "comment": "<p>Super Mario Brothers</p>",
        "created_at": "2017-09-06T18:24:21.308Z",
        "user": 2,
        "thread": 9
    },
    "model": "threads.post",
    "pk": 14
},
{
    "fields": {
        "comment": "<p>It's good to stay in touch but it can be addictive</p>",
        "created_at": "2017-09-06T18:31:07.247Z",
        "user": 2,
        "thread": 10
    },
    "model": "threads.post",
    "pk": 15
},
{
    "fields": {
        "comment": "People can over-share",
        "created_at": "2017-09-06T18:31:48.193Z",
        "user": 2,
        "thread": 10
    },
    "model": "threads.post",
    "pk": 16
},
{
    "fields": {
        "comment": "<p>Yes I think so</p>",
        "created_at": "2017-09-06T18:42:19.917Z",
        "user": 2,
        "thread": 11
    },
    "model": "threads.post",
    "pk": 17
}
]
